round,,0
0,dialogues,66.0
0,mean turns,31.545454545454547
0,user turn length,10.56388088376561
0,interactors,34.0
